{
  "auc_roc": 0.8467759435790126,
  "auc_pr": 0.6616244244440126,
  "f1": 0.6289445048966268
}