{
  "auc_roc": 0.8478855046629983,
  "auc_pr": 0.6634485638230265,
  "f1": 0.6311207834602829
}